{
  "03A Assert Expected Success And Conflict Counts" : {
    "transaction" : "03A Assert Expected Success And Conflict Counts",
    "sampleCount" : 1,
    "errorCount" : 0,
    "errorPct" : 0.0,
    "meanResTime" : 29.0,
    "medianResTime" : 29.0,
    "minResTime" : 29.0,
    "maxResTime" : 29.0,
    "pct1ResTime" : 29.0,
    "pct2ResTime" : 29.0,
    "pct3ResTime" : 29.0,
    "throughput" : 34.48275862068965,
    "receivedKBytesPerSec" : 5.0175107758620685,
    "sentKBytesPerSec" : 0.0
  },
  "02A Build Unique User Data" : {
    "transaction" : "02A Build Unique User Data",
    "sampleCount" : 1500,
    "errorCount" : 0,
    "errorPct" : 0.0,
    "meanResTime" : 30.79666666666663,
    "medianResTime" : 1.0,
    "minResTime" : 0.0,
    "maxResTime" : 148.0,
    "pct1ResTime" : 99.90000000000009,
    "pct2ResTime" : 119.0,
    "pct3ResTime" : 141.0,
    "throughput" : 7614.213197969543,
    "receivedKBytesPerSec" : 277.0711056472081,
    "sentKBytesPerSec" : 0.0
  },
  "01A Reset Counters" : {
    "transaction" : "01A Reset Counters",
    "sampleCount" : 1,
    "errorCount" : 0,
    "errorPct" : 0.0,
    "meanResTime" : 370.0,
    "medianResTime" : 370.0,
    "minResTime" : 370.0,
    "maxResTime" : 370.0,
    "pct1ResTime" : 370.0,
    "pct2ResTime" : 370.0,
    "pct3ResTime" : 370.0,
    "throughput" : 2.7027027027027026,
    "receivedKBytesPerSec" : 0.10293496621621621,
    "sentKBytesPerSec" : 0.0
  },
  "02E Checkout Same Existing Product" : {
    "transaction" : "02E Checkout Same Existing Product",
    "sampleCount" : 1500,
    "errorCount" : 0,
    "errorPct" : 0.0,
    "meanResTime" : 2545.504666666669,
    "medianResTime" : 2565.0,
    "minResTime" : 95.0,
    "maxResTime" : 4391.0,
    "pct1ResTime" : 3964.1000000000017,
    "pct2ResTime" : 4224.85,
    "pct3ResTime" : 4345.98,
    "throughput" : 335.946248600224,
    "receivedKBytesPerSec" : 125.94922312430012,
    "sentKBytesPerSec" : 88.25150475923853
  },
  "Total" : {
    "transaction" : "Total",
    "sampleCount" : 6003,
    "errorCount" : 0,
    "errorPct" : 0.0,
    "meanResTime" : 2202.3553223388344,
    "medianResTime" : 786.0,
    "minResTime" : 0.0,
    "maxResTime" : 10768.0,
    "pct1ResTime" : 6757.200000000006,
    "pct2ResTime" : 8876.0,
    "pct3ResTime" : 10438.880000000001,
    "throughput" : 43.657546799319285,
    "receivedKBytesPerSec" : 12.03091875481811,
    "sentKBytesPerSec" : 9.371177612416545
  },
  "02C Add Existing Product To Cart" : {
    "transaction" : "02C Add Existing Product To Cart",
    "sampleCount" : 1500,
    "errorCount" : 0,
    "errorPct" : 0.0,
    "meanResTime" : 494.75866666666724,
    "medianResTime" : 507.0,
    "minResTime" : 50.0,
    "maxResTime" : 887.0,
    "pct1ResTime" : 792.0,
    "pct2ResTime" : 845.95,
    "pct3ResTime" : 880.0,
    "throughput" : 1577.2870662460568,
    "receivedKBytesPerSec" : 459.01518138801265,
    "sentKBytesPerSec" : 429.74911277602524
  },
  "01B List Products" : {
    "transaction" : "01B List Products",
    "sampleCount" : 1,
    "errorCount" : 0,
    "errorPct" : 0.0,
    "meanResTime" : 63.0,
    "medianResTime" : 63.0,
    "minResTime" : 63.0,
    "maxResTime" : 63.0,
    "pct1ResTime" : 63.0,
    "pct2ResTime" : 63.0,
    "pct3ResTime" : 63.0,
    "throughput" : 15.873015873015872,
    "receivedKBytesPerSec" : 11.64124503968254,
    "sentKBytesPerSec" : 3.0226934523809526
  },
  "02B Register Unique User" : {
    "transaction" : "02B Register Unique User",
    "sampleCount" : 1500,
    "errorCount" : 0,
    "errorPct" : 0.0,
    "meanResTime" : 5742.457999999999,
    "medianResTime" : 5734.5,
    "minResTime" : 463.0,
    "maxResTime" : 10768.0,
    "pct1ResTime" : 9846.6,
    "pct2ResTime" : 10349.0,
    "pct3ResTime" : 10690.91,
    "throughput" : 133.30963384287236,
    "receivedKBytesPerSec" : 53.31395946276217,
    "sentKBytesPerSec" : 43.15951469738713
  }
}